Lambda,Accuracy,Sparsity
0.0001,51.58,21.289315987994808
0.001,51.56,21.91429063919533
0.01,50.31,21.949778958468528
